[
  {
    "name": "Bayern München",
    "league": "World Super League",
    "continent": "Europe",
    "country": "Germany",
    "population": 0,
    "city": "Munich",
    "kitColor": "#000000",
    "rankingPoints": 2067
  },
  {
    "name": "Arsenal",
    "league": "World Super League",
    "continent": "Europe",
    "country": "England",
    "population": 0,
    "city": "London",
    "kitColor": "#000000",
    "rankingPoints": 2029
  },
  {
    "name": "Paris Saint-Germain",
    "league": "World Super League",
    "continent": "Europe",
    "country": "France",
    "population": 0,
    "city": "Paris",
    "kitColor": "#000000",
    "rankingPoints": 2021
  },
  {
    "name": "Barcelona",
    "league": "World Super League",
    "continent": "Europe",
    "country": "Spain",
    "population": 0,
    "city": "Barcelona",
    "kitColor": "#000000",
    "rankingPoints": 1960
  },
  {
    "name": "Manchester City",
    "league": "World Super League",
    "continent": "Europe",
    "country": "England",
    "population": 0,
    "city": "Manchester",
    "kitColor": "#000000",
    "rankingPoints": 1954
  },
  {
    "name": "Real Madrid",
    "league": "World Super League",
    "continent": "Europe",
    "country": "Spain",
    "population": 0,
    "city": "Madrid",
    "kitColor": "#000000",
    "rankingPoints": 1953
  },
  {
    "name": "Chelsea FC",
    "league": "World Super League",
    "continent": "Europe",
    "country": "England",
    "population": 0,
    "city": "London",
    "kitColor": "#000000",
    "rankingPoints": 1940
  },
  {
    "name": "Atlético Madrid",
    "league": "World Super League",
    "continent": "Europe",
    "country": "Spain",
    "population": 0,
    "city": "Madrid",
    "kitColor": "#000000",
    "rankingPoints": 1917
  },
  {
    "name": "Inter Milan",
    "league": "World Super League",
    "continent": "Europe",
    "country": "Italy",
    "population": 0,
    "city": "Milan",
    "kitColor": "#000000",
    "rankingPoints": 1916
  },
  {
    "name": "Liverpool FC",
    "league": "World Super League",
    "continent": "Europe",
    "country": "England",
    "population": 0,
    "city": "Liverpool",
    "kitColor": "#000000",
    "rankingPoints": 1887
  },
  {
    "name": "Borussia Dortmund",
    "league": "World Super League",
    "continent": "Europe",
    "country": "Germany",
    "population": 0,
    "city": "Dortmund",
    "kitColor": "#000000",
    "rankingPoints": 1878
  },
  {
    "name": "Aston Villa",
    "league": "World Super League",
    "continent": "Europe",
    "country": "England",
    "population": 0,
    "city": "Birmingham",
    "kitColor": "#000000",
    "rankingPoints": 1867
  },
  {
    "name": "PSV Eindhoven",
    "league": "World Super League",
    "continent": "Europe",
    "country": "Netherlands",
    "population": 0,
    "city": "Eindhoven",
    "kitColor": "#000000",
    "rankingPoints": 1849
  },
  {
    "name": "AS Roma",
    "league": "World Super League",
    "continent": "Europe",
    "country": "Italy",
    "population": 0,
    "city": "Rome",
    "kitColor": "#000000",
    "rankingPoints": 1847
  },
  {
    "name": "Bayer Leverkusen",
    "league": "World Super League",
    "continent": "Europe",
    "country": "Germany",
    "population": 0,
    "city": "Leverkusen",
    "kitColor": "#000000",
    "rankingPoints": 1846
  },
  {
    "name": "Crystal Palace",
    "league": "World Super League",
    "continent": "Europe",
    "country": "England",
    "population": 0,
    "city": "London",
    "kitColor": "#000000",
    "rankingPoints": 1840
  },
  {
    "name": "AC Milan",
    "league": "World Super League",
    "continent": "Europe",
    "country": "Italy",
    "population": 0,
    "city": "Milan",
    "kitColor": "#000000",
    "rankingPoints": 1838
  },
  {
    "name": "Sporting (Portugal)",
    "league": "World Super League",
    "continent": "Europe",
    "country": "Portugal",
    "population": 0,
    "city": "Lisbon",
    "kitColor": "#000000",
    "rankingPoints": 1829
  },
  {
    "name": "SSC Napoli",
    "league": "European Super League",
    "continent": "Europe",
    "country": "Italy",
    "population": 0,
    "city": "Naples",
    "kitColor": "#000000",
    "rankingPoints": 1825
  },
  {
    "name": "Villarreal",
    "league": "European Super League",
    "continent": "Europe",
    "country": "Spain",
    "population": 0,
    "city": "Villarreal",
    "kitColor": "#000000",
    "rankingPoints": 1820
  },
  {
    "name": "Flamengo",
    "league": "CONMEBOL Super League",
    "continent": "South America",
    "country": "Brazil",
    "population": 0,
    "city": "Rio de Janeiro",
    "kitColor": "#000000",
    "rankingPoints": 1814
  },
  {
    "name": "Newcastle United",
    "league": "European Super League",
    "continent": "Europe",
    "country": "England",
    "population": 0,
    "city": "Newcastle upon Tyne",
    "kitColor": "#000000",
    "rankingPoints": 1810
  },
  {
    "name": "Brighton & Hove Albion",
    "league": "European Super League",
    "continent": "Europe",
    "country": "England",
    "population": 0,
    "city": "Brighton",
    "kitColor": "#000000",
    "rankingPoints": 1806
  },
  {
    "name": "Galatasaray",
    "league": "European Super League",
    "continent": "Europe",
    "country": "Turkey",
    "population": 0,
    "city": "Istanbul",
    "kitColor": "#000000",
    "rankingPoints": 1801
  },
  {
    "name": "Bologna",
    "league": "European Super League",
    "continent": "Europe",
    "country": "Italy",
    "population": 0,
    "city": "Bologna",
    "kitColor": "#000000",
    "rankingPoints": 1786
  },
  {
    "name": "Palmeiras",
    "league": "CONMEBOL Super League",
    "continent": "South America",
    "country": "Brazil",
    "population": 0,
    "city": "São Paulo",
    "kitColor": "#000000",
    "rankingPoints": 1783
  },
  {
    "name": "RB Leipzig",
    "league": "European Super League",
    "continent": "Europe",
    "country": "Germany",
    "population": 0,
    "city": "Leipzig",
    "kitColor": "#000000",
    "rankingPoints": 1779
  },
  {
    "name": "Tottenham Hotspur",
    "league": "European Super League",
    "continent": "Europe",
    "country": "England",
    "population": 0,
    "city": "London",
    "kitColor": "#000000",
    "rankingPoints": 1769
  },
  {
    "name": "FC Porto",
    "league": "European Super League",
    "continent": "Europe",
    "country": "Portugal",
    "population": 0,
    "city": "Porto",
    "kitColor": "#000000",
    "rankingPoints": 1767
  },
  {
    "name": "Juventus",
    "league": "European Super League",
    "continent": "Europe",
    "country": "Italy",
    "population": 0,
    "city": "Turin",
    "kitColor": "#000000",
    "rankingPoints": 1767
  },
  {
    "name": "Eintracht Frankfurt",
    "league": "European Super League",
    "continent": "Europe",
    "country": "Germany",
    "population": 0,
    "city": "Frankfurt",
    "kitColor": "#000000",
    "rankingPoints": 1764
  },
  {
    "name": "Manchester United",
    "league": "European Super League",
    "continent": "Europe",
    "country": "England",
    "population": 0,
    "city": "Manchester",
    "kitColor": "#000000",
    "rankingPoints": 1763
  },
  {
    "name": "AFC Bournemouth",
    "league": "European Super League",
    "continent": "Europe",
    "country": "England",
    "population": 0,
    "city": "Bournemouth",
    "kitColor": "#000000",
    "rankingPoints": 1762
  },
  {
    "name": "Brentford FC",
    "league": "European Super League",
    "continent": "Europe",
    "country": "England",
    "population": 0,
    "city": "London",
    "kitColor": "#000000",
    "rankingPoints": 1758
  },
  {
    "name": "Benfica",
    "league": "European Super League",
    "continent": "Europe",
    "country": "Portugal",
    "population": 0,
    "city": "Lisbon",
    "kitColor": "#000000",
    "rankingPoints": 1755
  },
  {
    "name": "Real Betis",
    "league": "European Super League",
    "continent": "Europe",
    "country": "Spain",
    "population": 0,
    "city": "Seville",
    "kitColor": "#000000",
    "rankingPoints": 1753
  },
  {
    "name": "Marseille",
    "league": "European Super League",
    "continent": "Europe",
    "country": "France",
    "population": 0,
    "city": "Marseille",
    "kitColor": "#000000",
    "rankingPoints": 1752
  },
  {
    "name": "Lazio",
    "league": "European Super League",
    "continent": "Europe",
    "country": "Italy",
    "population": 0,
    "city": "Rome",
    "kitColor": "#000000",
    "rankingPoints": 1745
  },
  {
    "name": "Atalanta",
    "league": "Italian Premier League",
    "continent": "Europe",
    "country": "Italy",
    "population": 0,
    "city": "Bergamo",
    "kitColor": "#000000",
    "rankingPoints": 1743
  },
  {
    "name": "Club Brugge",
    "league": "Belgian Pro League",
    "continent": "Europe",
    "country": "Belgium",
    "population": 0,
    "city": "Bruges",
    "kitColor": "#000000",
    "rankingPoints": 1743
  },
  {
    "name": "Al Hilal",
    "league": "Asian Super League",
    "continent": "Asia",
    "country": "Saudi Arabia",
    "population": 0,
    "city": "Riyadh",
    "kitColor": "#000000",
    "rankingPoints": 1741
  },
  {
    "name": "VfB Stuttgart",
    "league": "",
    "continent": "Europe",
    "country": "Germany",
    "population": 0,
    "city": "Stuttgart",
    "kitColor": "#000000",
    "rankingPoints": 1741
  },
  {
    "name": "Fenerbahçe",
    "league": "",
    "continent": "Europe/Asia",
    "country": "Turkey",
    "population": 0,
    "city": "Istanbul",
    "kitColor": "#000000",
    "rankingPoints": 1740
  },
  {
    "name": "Olympiakos",
    "league": "",
    "continent": "Europe",
    "country": "Greece",
    "population": 0,
    "city": "Piraeus",
    "kitColor": "#000000",
    "rankingPoints": 1735
  },
  {
    "name": "Slavia Prague",
    "league": "",
    "continent": "Europe",
    "country": "Czech Republic",
    "population": 0,
    "city": "Prague",
    "kitColor": "#000000",
    "rankingPoints": 1734
  },
  {
    "name": "Everton FC",
    "league": "",
    "continent": "Europe",
    "country": "England",
    "population": 0,
    "city": "Liverpool",
    "kitColor": "#000000",
    "rankingPoints": 1723
  },
  {
    "name": "Lille",
    "league": "",
    "continent": "Europe",
    "country": "France",
    "population": 0,
    "city": "Lille",
    "kitColor": "#000000",
    "rankingPoints": 1718
  },
  {
    "name": "LDU de Quito",
    "league": "CONMEBOL Super League",
    "continent": "South America",
    "country": "Ecuador",
    "population": 0,
    "city": "Quito",
    "kitColor": "#000000",
    "rankingPoints": 1715
  },
  {
    "name": "Nottingham Forest",
    "league": "",
    "continent": "Europe",
    "country": "England",
    "population": 0,
    "city": "Nottingham",
    "kitColor": "#000000",
    "rankingPoints": 1712
  },
  {
    "name": "Como 1907",
    "league": "Italian Premier League",
    "continent": "Europe",
    "country": "Italy",
    "population": 0,
    "city": "Como",
    "kitColor": "#000000",
    "rankingPoints": 1712
  },
  {
    "name": "Cruzeiro",
      "league": "CONMEBOL Super League",
      "continent": "South America",
      "country": "Brazil",
      "population": 0,
      "city": "Belo Horizonte",
      "kitColor": "#000000",
      "rankingPoints": 1710
    },
    {
      "name": "Union St. Gilloise",
      "league": "Belgian Pro League",
      "continent": "Europe",
      "country": "Belgium",
      "population": 0,
      "city": "Brussels",
      "kitColor": "#000000",
      "rankingPoints": 1710
    },
    {
      "name": "Feyenoord",
      "league": "",
      "continent": "Europe",
      "country": "Netherlands",
      "population": 0,
      "city": "Rotterdam",
      "kitColor": "#000000",
      "rankingPoints": 1710
    },
    {
      "name": "Lens",
      "league": "",
      "continent": "Europe",
      "country": "France",
      "population": 0,
      "city": "Lens",
      "kitColor": "#000000",
      "rankingPoints": 1706
    },
    {
      "name": "Racing Club",
      "league": "CONMEBOL Super League",
      "continent": "South America",
      "country": "Argentina",
      "population": 0,
      "city": "Avellaneda",
      "kitColor": "#000000",
      "rankingPoints": 1704
    },
    {
      "name": "Celta Vigo",
      "league": "",
      "continent": "Europe",
      "country": "Spain",
      "population": 0,
      "city": "Vigo",
      "kitColor": "#000000",
      "rankingPoints": 1702
    },
    {
      "name": "Lyon",
      "league": "",
      "continent": "Europe",
      "country": "France",
      "population": 0,
      "city": "Lyon",
      "kitColor": "#000000",
      "rankingPoints": 1702
    },
    {
      "name": "FK Red Star Belgrade",
      "league": "",
      "continent": "Europe",
      "country": "Serbia",
      "population": 0,
      "city": "Belgrade",
      "kitColor": "#000000",
      "rankingPoints": 1696
    },
    {
      "name": "Pyramids FC",
      "league": "CAF Super League",
      "continent": "Africa",
      "country": "Egypt",
      "population": 0,
      "city": "Cairo",
      "kitColor": "#000000",
      "rankingPoints": 1690
    },
    {
      "name": "Toluca FC",
      "league": "North American Super League",
      "continent": "North/Central America",
      "country": "Mexico",
      "population": 0,
      "city": "Toluca",
      "kitColor": "#000000",
      "rankingPoints": 1686
    },
    {
      "name": "Freiburg",
      "league": "",
      "continent": "Europe",
      "country": "Germany",
      "population": 0,
      "city": "Freiburg",
      "kitColor": "#000000",
      "rankingPoints": 1685
    },
    {
      "name": "Zenit St. Petersburg",
      "league": "",
      "continent": "Europe",
      "country": "Russia",
      "population": 0,
      "city": "St. Petersburg",
      "kitColor": "#000000",
      "rankingPoints": 1685
    },
    {
      "name": "Botafogo FR",
      "league": "CONMEBOL Super League",
      "continent": "South America",
      "country": "Brazil",
      "population": 0,
      "city": "Rio de Janeiro",
      "kitColor": "#000000",
      "rankingPoints": 1684
    },
    {
      "name": "Fluminense FC",
      "league": "CONMEBOL Super League",
      "continent": "South America",
      "country": "Brazil",
      "population": 0,
      "city": "Rio de Janeiro",
      "kitColor": "#000000",
      "rankingPoints": 1684
    },
    {
      "name": "Boca Juniors",
      "league": "CONMEBOL Super League",
      "continent": "South America",
      "country": "Argentina",
      "population": 0,
      "city": "Buenos Aires",
      "kitColor": "#000000",
      "rankingPoints": 1684
    },
    {
      "name": "Fulham",
      "league": "",
      "continent": "Europe",
      "country": "England",
      "population": 0,
      "city": "London",
      "kitColor": "#000000",
      "rankingPoints": 1683
    },
    {
      "name": "The New Saints",
      "league": "",
      "continent": "Europe",
      "country": "Wales",
      "population": 0,
      "city": "Oswestry",
      "kitColor": "#000000",
      "rankingPoints": 1682
    },
    {
      "name": "Cruz Azul",
      "league": "North American Super League",
      "continent": "North/Central America",
      "country": "Mexico",
      "population": 0,
      "city": "Mexico City",
      "kitColor": "#000000",
      "rankingPoints": 1681
    },
    {
      "name": "Rayo Vallecano",
      "league": "",
      "continent": "Europe",
      "country": "Spain",
      "population": 0,
      "city": "Madrid",
      "kitColor": "#000000",
      "rankingPoints": 1679
    },
    {
      "name": "Hoffenheim",
      "league": "",
      "continent": "Europe",
      "country": "Germany",
      "population": 0,
      "city": "Sinsheim",
      "kitColor": "#000000",
      "rankingPoints": 1677
    },
    {
      "name": "Flora Tallinn",
      "league": "",
      "continent": "Europe",
      "country": "Estonia",
      "population": 0,
      "city": "Tallinn",
      "kitColor": "#000000",
      "rankingPoints": 1677
    },
    {
      "name": "Athletic Bilbao",
      "league": "",
      "continent": "Europe",
      "country": "Spain",
      "population": 0,
      "city": "Bilbao",
      "kitColor": "#000000",
      "rankingPoints": 1675
    },
    {
      "name": "RC Strasbourg",
      "league": "",
      "continent": "Europe",
      "country": "France",
      "population": 0,
      "city": "Strasbourg",
      "kitColor": "#000000",
      "rankingPoints": 1673
    },
    {
      "name": "Al Ahly",
      "league": "CAF Super League",
      "continent": "Africa",
      "country": "Egypt",
      "population": 0,
      "city": "Cairo",
      "kitColor": "#000000",
      "rankingPoints": 1672
    },
    {
      "name": "Braga",
      "league": "",
      "continent": "Europe",
      "country": "Portugal",
      "population": 0,
      "city": "Braga",
      "kitColor": "#000000",
      "rankingPoints": 1671
    },
    {
      "name": "Werder Bremen",
      "league": "",
      "continent": "Europe",
      "country": "Germany",
      "population": 0,
      "city": "Bremen",
      "kitColor": "#000000",
      "rankingPoints": 1671
    },
    {
      "name": "Celtic",
      "league": "",
      "continent": "Europe",
      "country": "Scotland",
      "population": 0,
      "city": "Glasgow",
      "kitColor": "#000000",
      "rankingPoints": 1668
    },
    {
      "name": "Mirassol Futebol Clube",
      "league": "CONMEBOL Super League",
      "continent": "South America",
      "country": "Brazil",
      "population": 0,
      "city": "Mirassol",
      "kitColor": "#000000",
      "rankingPoints": 1662
    },
    {
      "name": "América",
      "league": "North American Super League",
      "continent": "North/Central America",
      "country": "Mexico",
      "population": 0,
      "city": "Mexico City",
      "kitColor": "#000000",
      "rankingPoints": 1661
    },
    {
      "name": "FCI Levadia Tallinn",
      "league": "",
      "continent": "Europe",
      "country": "Estonia",
      "population": 0,
      "city": "Tallinn",
      "kitColor": "#000000",
      "rankingPoints": 1657
    },
    {
      "name": "Al Nassr",
      "league": "Asian Super League",
      "continent": "Asia",
      "country": "Saudi Arabia",
      "population": 0,
      "city": "Riyadh",
      "kitColor": "#000000",
      "rankingPoints": 1657
    },
    {
      "name": "Shakhtar Donetsk",
      "league": "",
      "continent": "Europe",
      "country": "Ukraine",
      "population": 0,
      "city": "Donetsk",
      "kitColor": "#000000",
      "rankingPoints": 1657
    },
    {
      "name": "PAOK FC",
      "league": "",
      "continent": "Europe",
      "country": "Greece",
      "population": 0,
      "city": "Thessaloniki",
      "kitColor": "#000000",
      "rankingPoints": 1656
    },
    {
      "name": "AS Monaco",
      "league": "",
      "continent": "Europe",
      "country": "France",
      "population": 0,
      "city": "Monaco",
      "kitColor": "#000000",
      "rankingPoints": 1655
    },
    {
      "name": "Peñarol",
      "league": "CONMEBOL Super League",
      "continent": "South America",
      "country": "Uruguay",
      "population": 0,
      "city": "Montevideo",
      "kitColor": "#000000",
      "rankingPoints": 1655
    },
    {
      "name": "Torino",
      "league": "Italian Premier League",
      "continent": "Europe",
      "country": "Italy",
      "population": 0,
      "city": "Turin",
      "kitColor": "#000000",
      "rankingPoints": 1651
    },
    {
      "name": "Fiorentina",
      "league": "Italian Premier League",
      "continent": "Europe",
      "country": "Italy",
      "population": 0,
      "city": "Florence",
      "kitColor": "#000000",
      "rankingPoints": 1648
    },
    {
      "name": "Dinamo Zagreb",
      "league": "",
      "continent": "Europe",
      "country": "Croatia",
      "population": 0,
      "city": "Zagreb",
      "kitColor": "#000000",
      "rankingPoints": 1647
    },
    {
      "name": "Real Sociedad",
      "league": "",
      "continent": "Europe",
      "country": "Spain",
      "population": 0,
      "city": "San Sebastián",
      "kitColor": "#000000",
      "rankingPoints": 1646
    },
    {
      "name": "Mamelodi Sundowns FC",
      "league": "CAF Super League",
      "continent": "Africa",
      "country": "South Africa",
      "population": 0,
      "city": "Pretoria",
      "kitColor": "#000000",
      "rankingPoints": 1643
    },
    {
      "name": "Pafos FC",
      "league": "",
      "continent": "Europe",
      "country": "Cyprus",
      "population": 0,
      "city": "Paphos",
      "kitColor": "#000000",
      "rankingPoints": 1642
    },
    {
      "name": "Viktoria Plzeň",
      "league": "",
      "continent": "Europe",
      "country": "Czech Republic",
      "population": 0,
      "city": "Plzeň",
      "kitColor": "#000000",
      "rankingPoints": 1640
    },
    {
      "name": "AZ Alkmaar",
      "league": "",
      "continent": "Europe",
      "country": "Netherlands",
      "population": 0,
      "city": "Alkmaar",
      "kitColor": "#000000",
      "rankingPoints": 1638
    },
    {
      "name": "Rosario Central",
      "league": "CONMEBOL Super League",
      "continent": "South America",
      "country": "Argentina",
      "population": 0,
      "city": "Rosario",
      "kitColor": "#000000",
      "rankingPoints": 1638
    },
    {
      "name": "Valencia",
      "league": "",
      "continent": "Europe",
      "country": "Spain",
      "population": 0,
      "city": "Valencia",
      "kitColor": "#000000",
      "rankingPoints": 1637
    },
    {
      "name": "Rennes",
      "league": "",
      "continent": "Europe",
      "country": "France",
      "population": 0,
      "city": "Rennes",
      "kitColor": "#000000",
      "rankingPoints": 1635
    },
    {
      "name": "RCD Espanyol",
      "league": "",
      "continent": "Europe",
      "country": "Spain",
      "population": 0,
      "city": "Barcelona",
      "kitColor": "#000000",
      "rankingPoints": 1635
    },
    {
      "name": "Independiente",
      "league": "CONMEBOL Super League",
      "continent": "South America",
      "country": "Ecuador",
      "population": 0,
      "city": "Quito",
      "kitColor": "#000000",
      "rankingPoints": 1633
    },
    {
      "name": "Corinthians",
      "league": "CONMEBOL Super League",
      "continent": "South America",
      "country": "Brazil",
      "population": 0,
      "city": "São Paulo",
      "kitColor": "#000000",
      "rankingPoints": 1632
    },
    {
      "name": "FC Midtjylland",
      "league": "",
      "continent": "Europe",
      "country": "Denmark",
      "population": 0,
      "city": "Herning",
      "kitColor": "#000000",
      "rankingPoints": 1630
    },
  {
    "name": "Atlético Mineiro",
    "league": "CONMEBOL Super League",
    "continent": "South America",
    "country": "Brazil",
    "population": 0,
    "city": "Belo Horizonte",
    "kitColor": "#000000",
    "rankingPoints": 1625
  },
  {
    "name": "Lanús",
    "league": "CONMEBOL Super League",
    "continent": "South America",
    "country": "Argentina",
    "population": 0,
    "city": "Lanús",
    "kitColor": "#000000",
    "rankingPoints": 1622
  },
  {
    "name": "Nacional",
    "league": "CONMEBOL Super League",
    "continent": "South America",
    "country": "Uruguay",
    "population": 0,
    "city": "Montevideo",
    "kitColor": "#000000",
    "rankingPoints": 1620
  },
  {
    "name": "Bolívar",
    "league": "CONMEBOL Super League",
    "continent": "South America",
    "country": "Bolivia",
    "population": 0,
    "city": "La Paz",
    "kitColor": "#000000",
    "rankingPoints": 1618
  },
  {
    "name": "Argentinos Juniors",
    "league": "CONMEBOL Super League",
    "continent": "South America",
    "country": "Argentina",
    "population": 0,
    "city": "Buenos Aires",
    "kitColor": "#000000",
    "rankingPoints": 1613
  },
  {
    "name": "Esperance de Tunis",
    "league": "CAF Super League",
    "continent": "Africa",
    "country": "Tunisia",
    "population": 0,
    "city": "Tunis",
    "kitColor": "#000000",
    "rankingPoints": 1617
  },
  {
    "name": "FAR Rabat",
    "league": "CAF Super League",
    "continent": "Africa",
    "country": "Morocco",
    "population": 0,
    "city": "Rabat",
    "kitColor": "#000000",
    "rankingPoints": 1577
  },
  {
    "name": "Atletico Petro Luanda",
    "league": "CAF Super League",
    "continent": "Africa",
    "country": "Angola",
    "population": 0,
    "city": "Luanda",
    "kitColor": "#000000",
    "rankingPoints": 1555
  },
  {
    "name": "RCA Raja Casablanca Athletic",
    "league": "CAF Super League",
    "continent": "Africa",
    "country": "Morocco",
    "population": 0,
    "city": "Casablanca",
    "kitColor": "#000000",
    "rankingPoints": 1550
  },
  {
    "name": "TP Mazembe",
    "league": "CAF Super League",
    "continent": "Africa",
    "country": "Congo DR",
    "population": 0,
    "city": "Lubumbashi",
    "kitColor": "#000000",
    "rankingPoints": 1548
  },
  {
    "name": "El Zamalek",
    "league": "CAF Super League",
    "continent": "Africa",
    "country": "Egypt",
    "population": 0,
    "city": "Cairo",
    "kitColor": "#000000",
    "rankingPoints": 1539
  },
  {
    "name": "Orlando Pirates",
    "league": "CAF Super League",
    "continent": "Africa",
    "country": "South Africa",
    "population": 0,
    "city": "Johannesburg",
    "kitColor": "#000000",
    "rankingPoints": 1532
  },
  {
    "name": "MC Alger",
    "league": "CAF Super League",
    "continent": "Africa",
    "country": "Algeria",
    "population": 0,
    "city": "Algiers",
    "kitColor": "#000000",
    "rankingPoints": 1529
  },
  {
    "name": "CR Belouizdad",
    "league": "CAF Super League",
    "continent": "Africa",
    "country": "Algeria",
    "population": 0,
    "city": "Algiers",
    "kitColor": "#000000",
    "rankingPoints": 1528
  },
  {
    "name": "RS Berkane",
    "league": "CAF Super League",
    "continent": "Africa",
    "country": "Morocco",
    "population": 0,
    "city": "Berkane",
    "kitColor": "#000000",
    "rankingPoints": 1528
  },
  {
    "name": "US Monastir",
    "league": "CAF Super League",
    "continent": "Africa",
    "country": "Tunisia",
    "population": 0,
    "city": "Monastir",
    "kitColor": "#000000",
    "rankingPoints": 1520
  },
  {
    "name": "Wydad Casablanca",
    "league": "CAF Super League",
    "continent": "Africa",
    "country": "Morocco",
    "population": 0,
    "city": "Casablanca",
    "kitColor": "#000000",
    "rankingPoints": 1517
  },
  {
    "name": "Al Hilal Omdurman",
    "league": "CAF Super League",
    "continent": "Africa",
    "country": "Sudan",
    "population": 0,
    "city": "Omdurman",
    "kitColor": "#000000",
    "rankingPoints": 1512
  },
  {
    "name": "Stade Malien Bamako",
    "league": "CAF Super League",
    "continent": "Africa",
    "country": "Mali",
    "population": 0,
    "city": "Bamako",
    "kitColor": "#000000",
    "rankingPoints": 1511
  },
  {
    "name": "Vita Club",
    "league": "CAF Super League",
    "continent": "Africa",
    "country": "Congo DR",
    "population": 0,
    "city": "Kinshasa",
    "kitColor": "#000000",
    "rankingPoints": 1506
  },
  {
    "name": "Al-Ahli",
    "league": "Asian Super League",
    "continent": "Asia",
    "country": "Saudi Arabia",
    "population": 0,
    "city": "Jeddah",
    "kitColor": "#000000",
    "rankingPoints": 1601
  },
  {
    "name": "Persepolis",
    "league": "Asian Super League",
    "continent": "Asia",
    "country": "Iran",
    "population": 0,
    "city": "Tehran",
    "kitColor": "#000000",
    "rankingPoints": 1566
  },
  {
    "name": "Sepahan",
    "league": "Asian Super League",
    "continent": "Asia",
    "country": "Iran",
    "population": 0,
    "city": "Isfahan",
    "kitColor": "#000000",
    "rankingPoints": 1553
  },
  {
    "name": "Tractor Sazi",
    "league": "Asian Super League",
    "continent": "Asia",
    "country": "Iran",
    "population": 0,
    "city": "Tabriz",
    "kitColor": "#000000",
    "rankingPoints": 1549
  },
  {
    "name": "Al Ittihad",
    "league": "Asian Super League",
    "continent": "Asia",
    "country": "Saudi Arabia",
    "population": 0,
    "city": "Jeddah",
    "kitColor": "#000000",
    "rankingPoints": 1548
  },
  {
    "name": "Kawasaki Frontale",
    "league": "Asian Super League",
    "continent": "Asia",
    "country": "Japan",
    "population": 0,
    "city": "Kawasaki",
    "kitColor": "#000000",
    "rankingPoints": 1543
  },
  {
    "name": "Vissel Kobe",
    "league": "Asian Super League",
    "continent": "Asia",
    "country": "Japan",
    "population": 0,
    "city": "Kobe",
    "kitColor": "#000000",
    "rankingPoints": 1542
  },
  {
    "name": "Al-Sadd",
    "league": "Asian Super League",
    "continent": "Asia",
    "country": "Qatar",
    "population": 0,
    "city": "Doha",
    "kitColor": "#000000",
    "rankingPoints": 1538
  },
  {
    "name": "Kashima Antlers",
    "league": "Asian Super League",
    "continent": "Asia",
    "country": "Japan",
    "population": 0,
    "city": "Kashima",
    "kitColor": "#000000",
    "rankingPoints": 1535
  },
  {
    "name": "Jeonbuk FC",
    "league": "Asian Super League",
    "continent": "Asia",
    "country": "South Korea",
    "population": 0,
    "city": "Jeonju",
    "kitColor": "#000000",
    "rankingPoints": 1532
  },
  {
    "name": "Al Ahli",
    "league": "Asian Super League",
    "continent": "Asia",
    "country": "United Arab Emirates",
    "population": 0,
    "city": "Dubai",
    "kitColor": "#000000",
    "rankingPoints": 1529
  },
  {
    "name": "Buriram United",
    "league": "Asian Super League",
    "continent": "Asia",
    "country": "Thailand",
    "population": 0,
    "city": "Buriram",
    "kitColor": "#000000",
    "rankingPoints": 1524
  },
  {
    "name": "Al-Duhail SC",
    "league": "Asian Super League",
    "continent": "Asia",
    "country": "Qatar",
    "population": 0,
    "city": "Doha",
    "kitColor": "#000000",
    "rankingPoints": 1520
  },
  {
    "name": "Shanghai Shenhua",
    "league": "Asian Super League",
    "continent": "Asia",
    "country": "China PR",
    "population": 0,
    "city": "Shanghai",
    "kitColor": "#000000",
    "rankingPoints": 1519
  },
  {
    "name": "Sanfrecce Hiroshima",
    "league": "Asian Super League",
    "continent": "Asia",
    "country": "Japan",
    "population": 0,
    "city": "Hiroshima",
    "kitColor": "#000000",
    "rankingPoints": 1517
  },
  {
    "name": "Shanghai Port F.C.",
    "league": "Asian Super League",
    "continent": "Asia",
    "country": "China PR",
    "population": 0,
    "city": "Shanghai",
    "kitColor": "#000000",
    "rankingPoints": 1516
  },
  {
    "name": "Tigres UANL",
    "league": "North American Super League",
    "continent": "North/Central America",
    "country": "Mexico",
    "population": 0,
    "city": "San Nicolás de los Garza",
    "kitColor": "#000000",
    "rankingPoints": 1622
  },
  {
    "name": "Monterrey",
    "league": "North American Super League",
    "continent": "North/Central America",
    "country": "Mexico",
    "population": 0,
    "city": "Monterrey",
    "kitColor": "#000000",
    "rankingPoints": 1620
  },
  {
    "name": "Olimpia",
    "league": "North American Super League",
    "continent": "North/Central America",
    "country": "Honduras",
    "population": 0,
    "city": "Tegucigalpa",
    "kitColor": "#000000",
    "rankingPoints": 1571
  },
  {
    "name": "Guadalajara",
    "league": "North American Super League",
    "continent": "North/Central America",
    "country": "Mexico",
    "population": 0,
    "city": "Guadalajara",
    "kitColor": "#000000",
    "rankingPoints": 1549
  },
  {
    "name": "CF Pachuca",
    "league": "North American Super League",
    "continent": "North/Central America",
    "country": "Mexico",
    "population": 0,
    "city": "Pachuca",
    "kitColor": "#000000",
    "rankingPoints": 1532
  },
  {
    "name": "LD Alajuelense",
    "league": "North American Super League",
    "continent": "North/Central America",
    "country": "Costa Rica",
    "population": 0,
    "city": "Alajuela",
    "kitColor": "#000000",
    "rankingPoints": 1522
  },
  {
    "name": "Deportivo Saprissa",
    "league": "North American Super League",
    "continent": "North/Central America",
    "country": "Costa Rica",
    "population": 0,
    "city": "San José",
    "kitColor": "#000000",
    "rankingPoints": 1512
  },
  {
    "name": "Los Angeles FC",
    "league": "North American Super League",
    "continent": "North/Central America",
    "country": "United States",
    "population": 0,
    "city": "Los Angeles",
    "kitColor": "#000000",
    "rankingPoints": 1504
  },
  {
    "name": "Inter Miami CF",
    "league": "North American Super League",
    "continent": "North/Central America",
    "country": "United States",
    "population": 0,
    "city": "Miami",
    "kitColor": "#000000",
    "rankingPoints": 1502
  },
  {
    "name": "CSD Municipal",
    "league": "North American Super League",
    "continent": "North/Central America",
    "country": "Guatemala",
    "population": 0,
    "city": "Guatemala City",
    "kitColor": "#000000",
    "rankingPoints": 1499
  },
  {
    "name": "Monarcas Morelia",
    "league": "North American Super League",
    "continent": "North/Central America",
    "country": "Mexico",
    "population": 0,
    "city": "Morelia",
    "kitColor": "#000000",
    "rankingPoints": 1488
  },
  {
    "name": "Club Tijuana",
    "league": "North American Super League",
    "continent": "North/Central America",
    "country": "Mexico",
    "population": 0,
    "city": "Tijuana",
    "kitColor": "#000000",
    "rankingPoints": 1488
  },
  {
    "name": "Pumas UNAM",
    "league": "North American Super League",
    "continent": "North/Central America",
    "country": "Mexico",
    "population": 0,
    "city": "Mexico City",
    "kitColor": "#000000",
    "rankingPoints": 1482
  },
  {
    "name": "Alianza FC",
    "league": "North American Super League",
    "continent": "North/Central America",
    "country": "El Salvador",
    "population": 0,
    "city": "San Salvador",
    "kitColor": "#000000",
    "rankingPoints": 1476
  },
  {
    "name": "Columbus Crew",
    "league": "North American Super League",
    "continent": "North/Central America",
    "country": "United States",
    "population": 0,
    "city": "Columbus",
    "kitColor": "#000000",
    "rankingPoints": 1472
  },
  {
    "name": "Auckland City",
    "league": "Oceania Super League",
    "continent": "Oceania",
    "country": "New Zealand",
    "population": 0,
    "city": "Auckland",
    "kitColor": "#000000",
    "rankingPoints": 1551
  },
  {
    "name": "Team Wellington",
    "league": "Oceania Super League",
    "continent": "Oceania",
    "country": "New Zealand",
    "population": 0,
    "city": "Wellington",
    "kitColor": "#000000",
    "rankingPoints": 1498
  },
  {
    "name": "Hekari United",
    "league": "Oceania Super League",
    "continent": "Oceania",
    "country": "Papua New Guinea",
    "population": 0,
    "city": "Port Moresby",
    "kitColor": "#000000",
    "rankingPoints": 1372
  },
  {
    "name": "Waitakere United",
    "league": "Oceania Super League",
    "continent": "Oceania",
    "country": "New Zealand",
    "population": 0,
    "city": "Waitakere",
    "kitColor": "#000000",
    "rankingPoints": 1366
  },
  {
    "name": "Eastern Suburbs",
    "league": "Oceania Super League",
    "continent": "Oceania",
    "country": "New Zealand",
    "population": 0,
    "city": "Auckland",
    "kitColor": "#000000",
    "rankingPoints": 1359
  },
  {
    "name": "Eastern Stars",
    "league": "Oceania Super League",
    "continent": "Oceania",
    "country": "Papua New Guinea",
    "population": 0,
    "city": "Milne Bay",
    "kitColor": "#000000",
    "rankingPoints": 1356
  },
  {
    "name": "Tukoko University",
    "league": "Oceania Super League",
    "continent": "Oceania",
    "country": "Papua New Guinea",
    "population": 0,
    "city": "Lae",
    "kitColor": "#000000",
    "rankingPoints": 1352
  },
  {
    "name": "AS Magenta",
    "league": "Oceania Super League",
    "continent": "Oceania",
    "country": "New Caledonia",
    "population": 0,
    "city": "Nouméa",
    "kitColor": "#000000",
    "rankingPoints": 1340
  },
  {
    "name": "Canterbury United",
    "league": "Oceania Super League",
    "continent": "Oceania",
    "country": "New Zealand",
    "population": 0,
    "city": "Christchurch",
    "kitColor": "#000000",
    "rankingPoints": 1336
  },
  {
    "name": "Amicale FC",
    "league": "Oceania Super League",
    "continent": "Oceania",
    "country": "Vanuatu",
    "population": 0,
    "city": "Port Vila",
    "kitColor": "#000000",
    "rankingPoints": 1308
  },
  {
    "name": "Auckland FC",
    "league": "Oceania Super League",
    "continent": "Oceania",
    "country": "New Zealand",
    "population": 0,
    "city": "Auckland",
    "kitColor": "#000000",
    "rankingPoints": 1303
  },
  {
    "name": "Lautoka",
    "league": "Oceania Super League",
    "continent": "Oceania",
    "country": "Fiji",
    "population": 0,
    "city": "Lautoka",
    "kitColor": "#000000",
    "rankingPoints": 1303
  },
  {
    "name": "Western United FC",
    "league": "Oceania Super League",
    "continent": "Oceania",
    "country": "Solomon Islands",
    "population": 0,
    "city": "Honiara",
    "kitColor": "#000000",
    "rankingPoints": 1296
  },
  {
    "name": "Koloale",
    "league": "Oceania Super League",
    "continent": "Oceania",
    "country": "Solomon Islands",
    "population": 0,
    "city": "Honiara",
    "kitColor": "#000000",
    "rankingPoints": 1289
  },
  {
    "name": "Hawke's Bay United",
    "league": "Oceania Super League",
    "continent": "Oceania",
    "country": "New Zealand",
    "population": 0,
    "city": "Napier",
    "kitColor": "#000000",
    "rankingPoints": 1281
  },
  {
    "name": "Pirae",
    "league": "Oceania Super League",
    "continent": "Oceania",
    "country": "French Polynesia",
    "population": 0,
    "city": "Pirae",
    "kitColor": "#000000",
    "rankingPoints": 1278
  },
  {
    "name": "Suva",
    "league": "Oceania Super League",
    "continent": "Oceania",
    "country": "Fiji",
    "population": 0,
    "city": "Suva",
    "kitColor": "#000000",
    "rankingPoints": 1278
  },
  {
    "name": "Hienghène Sport",
    "league": "Oceania Super League",
    "continent": "Oceania",
    "country": "New Caledonia",
    "population": 0,
    "city": "Hienghène",
    "kitColor": "#000000",
    "rankingPoints": 1275
  },
  {
    "name": "Sassuolo",
    "league": "Italian Premier League",
    "continent": "Europe",
    "country": "Italy",
    "population": 0,
    "city": "Sassuolo",
    "kitColor": "#000000",
    "rankingPoints": 1563
  },
  {
    "name": "Genoa",
    "league": "Italian Premier League",
    "continent": "Europe",
    "country": "Italy",
    "population": 0,
    "city": "Genoa",
    "kitColor": "#000000",
    "rankingPoints": 1558
  },
  {
    "name": "Udinese",
    "league": "Italian Premier League",
    "continent": "Europe",
    "country": "Italy",
    "population": 0,
    "city": "Udine",
    "kitColor": "#000000",
    "rankingPoints": 1545
  },
  {
    "name": "Parma Calcio 1913",
    "league": "Italian Premier League",
    "continent": "Europe",
    "country": "Italy",
    "population": 0,
    "city": "Parma",
    "kitColor": "#000000",
    "rankingPoints": 1541
  },
  {
    "name": "Cagliari",
    "league": "Italian Premier League",
    "continent": "Europe",
    "country": "Italy",
    "population": 0,
    "city": "Cagliari",
    "kitColor": "#000000",
    "rankingPoints": 1536
  },
  {
    "name": "Carpi",
    "league": "Italian Premier League",
    "continent": "Europe",
    "country": "Italy",
    "population": 0,
    "city": "Carpi",
    "kitColor": "#000000",
    "rankingPoints": 1528
  },
  {
    "name": "US Cremonese",
    "league": "Italian Premier League",
    "continent": "Europe",
    "country": "Italy",
    "population": 0,
    "city": "Cremona",
    "kitColor": "#000000",
    "rankingPoints": 1526
  },
  {
    "name": "Pisa SC",
    "league": "Italian Premier League",
    "continent": "Europe",
    "country": "Italy",
    "population": 0,
    "city": "Pisa",
    "kitColor": "#000000",
    "rankingPoints": 1522
  },
  {
    "name": "Lecce",
    "league": "Italian Premier League",
    "continent": "Europe",
    "country": "Italy",
    "population": 0,
    "city": "Lecce",
    "kitColor": "#000000",
    "rankingPoints": 1515
  },
  {
    "name": "Empoli FC",
    "league": "Italian Premier League",
    "continent": "Europe",
    "country": "Italy",
    "population": 0,
    "city": "Empoli",
    "kitColor": "#000000",
    "rankingPoints": 1498
  },
  {
    "name": "Frosinone",
    "league": "Italian Premier League",
    "continent": "Europe",
    "country": "Italy",
    "population": 0,
    "city": "Frosinone",
    "kitColor": "#000000",
    "rankingPoints": 1496
  },
  {
    "name": "Catania",
    "league": "Italian Premier League",
    "continent": "Europe",
    "country": "Italy",
    "population": 0,
    "city": "Catania",
    "kitColor": "#000000",
    "rankingPoints": 1494
  },
  {
    "name": "Hellas Verona",
    "league": "Italian Premier League",
    "continent": "Europe",
    "country": "Italy",
    "population": 0,
    "city": "Verona",
    "kitColor": "#000000",
    "rankingPoints": 1482
  },
  {
    "name": "Venezia FC",
    "league": "Italian Premier League",
    "continent": "Europe",
    "country": "Italy",
    "population": 0,
    "city": "Venice",
    "kitColor": "#000000",
    "rankingPoints": 1479
  },
  {
    "name": "KRC Genk",
    "league": "Belgian Pro League",
    "continent": "Europe",
    "country": "Belgium",
    "population": 0,
    "city": "Genk",
    "kitColor": "#000000",
    "rankingPoints": 1594
  },
  {
    "name": "RSC Anderlecht",
    "league": "Belgian Pro League",
    "continent": "Europe",
    "country": "Belgium",
    "population": 0,
    "city": "Anderlecht",
    "kitColor": "#000000",
    "rankingPoints": 1585
  },
  {
    "name": "Gent",
    "league": "Belgian Pro League",
    "continent": "Europe",
    "country": "Belgium",
    "population": 0,
    "city": "Ghent",
    "kitColor": "#000000",
    "rankingPoints": 1480
  },
  {
    "name": "KV Mechelen",
    "league": "Belgian Pro League",
    "continent": "Europe",
    "country": "Belgium",
    "population": 0,
    "city": "Mechelen",
    "kitColor": "#000000",
    "rankingPoints": 1465
  },
  {
    "name": "Royal Antwerp FC",
    "league": "Belgian Pro League",
    "continent": "Europe",
    "country": "Belgium",
    "population": 0,
    "city": "Antwerp",
    "kitColor": "#000000",
    "rankingPoints": 1463
  },
  {
    "name": "Sporting Charleroi",
    "league": "Belgian Pro League",
    "continent": "Europe",
    "country": "Belgium",
    "population": 0,
    "city": "Charleroi",
    "kitColor": "#000000",
    "rankingPoints": 1454
  },
  {
    "name": "Sint-Truiden",
    "league": "Belgian Pro League",
    "continent": "Europe",
    "country": "Belgium",
    "population": 0,
    "city": "Sint-Truiden",
    "kitColor": "#000000",
    "rankingPoints": 1441
  },
  {
    "name": "Westerlo",
    "league": "Belgian Pro League",
    "continent": "Europe",
    "country": "Belgium",
    "population": 0,
    "city": "Westerlo",
    "kitColor": "#000000",
    "rankingPoints": 1400
  },
  {
    "name": "Cercle Brugge",
    "league": "Belgian Pro League",
    "continent": "Europe",
    "country": "Belgium",
    "population": 0,
    "city": "Bruges",
    "kitColor": "#000000",
    "rankingPoints": 1394
  },
  {
    "name": "Standard Liège",
    "league": "Belgian Pro League",
    "continent": "Europe",
    "country": "Belgium",
    "population": 0,
    "city": "Liège",
    "kitColor": "#000000",
    "rankingPoints": 1389
  },
  {
    "name": "Oud-Heverlee Leuven",
    "league": "Belgian Pro League",
    "continent": "Europe",
    "country": "Belgium",
    "population": 0,
    "city": "Leuven",
    "kitColor": "#000000",
    "rankingPoints": 1377
  },
  {
    "name": "Mouscron-Péruwelz",
    "league": "Belgian Pro League",
    "continent": "Europe",
    "country": "Belgium",
    "population": 0,
    "city": "Mouscron",
    "kitColor": "#000000",
    "rankingPoints": 1361
  },
  {
    "name": "RAAL La Louvière",
    "league": "Belgian Pro League",
    "continent": "Europe",
    "country": "Belgium",
    "population": 0,
    "city": "La Louvière",
    "kitColor": "#000000",
    "rankingPoints": 1361
  },
  {
    "name": "Zulte Waregem",
    "league": "Belgian Pro League",
    "continent": "Europe",
    "country": "Belgium",
    "population": 0,
    "city": "Waregem",
    "kitColor": "#000000",
    "rankingPoints": 1343
  },
  {
    "name": "Royal Excel Mouscron Péruwelz",
    "league": "Belgian Pro League",
    "continent": "Europe",
    "country": "Belgium",
    "population": 0,
    "city": "Mouscron",
    "kitColor": "#000000",
    "rankingPoints": 1328
  },
  {
    "name": "F.C.V. Dender E.H.",
    "league": "Belgian Pro League",
    "continent": "Europe",
    "country": "Belgium",
    "population": 0,
    "city": "Denderleeuw",
    "kitColor": "#000000",
    "rankingPoints": 1325
  },
  {
    "name": "Roeselare",
    "league": "Belgian Pro League",
    "continent": "Europe",
    "country": "Belgium",
    "population": 0,
    "city": "Roeselare",
    "kitColor": "#000000",
    "rankingPoints": 1325
  },
  {
    "name": "Kortrijk",
    "league": "Belgian Pro League",
    "continent": "Europe",
    "country": "Belgium",
    "population": 0,
    "city": "Kortrijk",
    "kitColor": "#000000",
    "rankingPoints": 1317
  }
  ]

